Titel;Mengenbeschreibung
Gasteiner sparkling 0,75l;0,75l
Gasteiner still;0,75l
Gasteiner Quellwasser 1l;1l
Gasteiner Quellwasser 0,5l;0,5l
Gasteiner sparkling 0,20l;0,20l
Soda Zitrone 0,25l;0,25l
Soda Zitrone 0,50l;0,50l
Skiwasser 0,5l;0,5l
Hauslimo 0,25l;0,25l
Hauslimo 0,5l;0,5l
Bio Berry 0,33;1 Glas
Bio Orange 0,33;1 Glas
Bio Lemon 0,33;1 Glas
Coca Cola;0,35l
Cola Zero;1 Glas
Spezi;0,3l
Almdudler;0,35l
Fever-Tree Ginger Ale;0,2l
Fever-Tree Indian Tonic;1 Glas
Sanbitter;1 Glas
Fentimans Ginger Beer;1 Glas
Fever-Tree Mediterranean Tonic;1 Glas
Coca-Cola Light;0,35l
Ginger Ale;0,2l
Bitter Lemon;0,2l
Tonic Water;0,2l
Ginger Beer;0,33l
Orangensaft;0,25l
Mangosaft;0,25l
Grapefruitsaft;0,25l
Johannisbeersaft;0,25l
Maracujasaft;0,25l
Cranberrysaft;0,25l
Ananassaft;0,25l
Van Nahmen Pfirsich;0,25l
Skiwasser 0,25l;0,25l
Apfelsaft;0,25l
Orange gespritzt 0,25l;0,25l
Orange gespritzt 0,5l;0,5l
Mango gespritzt 0,25l;0,25l
Mango gespritzt 0,5l;0,5l
Holundersoda 0,25l;0,25l
Holundersoda 0,5l;0,5l
Apfel gespritzt 0,25l;0,25l
Apfel gespritzt 0,5l;0,5l
Grapefruit gespritzt 0,25l;0,25l
Grapefruit gespritzt 0,5l;0,5l
Johannisbeer gespritzt 0,25l;0,25l
Johannisbeer gespritzt 0,5l;0,5l
Cranberry gespritzt 0,25l;0,25l
Cranberry gespritzt 0,5l;0,5l
Espresso;1 Glas
Espresso doppio;1 Glas
Verlängerter;1 Glas
Espresso Macchiato;1 Glas
Iced Americano;1 Glas
Iced Kaffee mit Milch;1 Glas
Cappuccino (Melange);1 Glas
Latte Macchiato;1 Glas
Flat White;1 Glas
Cortado;1 Glas
Babyccino;1 Glas
Cappuccino (Melange) Hafermilch;1 Glas
Caffè Latte (Macchiato) Hafermilch;1 Glas
Flat White Hafermilch;1 Glas
Cortado Hafermilch;1 Glas
Extra Hafermilch;1 Glas
Kleiner Brauner;1 Tasse
Großer Brauner;1 Tasse
Tee Earl Grey;1 Tasse
Tee English Breakfast;1 Tasse
Tee Grüner Tee;1 Tasse
Tee Pfefferminz;1 Tasse
Tee Kamille;1 Tasse
Tee Früchtetee;1 Tasse
Tee Rooibos;1 Tasse
Tee Ingwer-Zitrone frisch;1 Tasse
Matcha Latte;1 Glas
Matcha Latte Hafermilch;1 Glas
Heisse Schokolade o. Schlag;1 Glas
Heisse Schokolade m. Schlag;1 Glas
Golden Milk (Kurkuma Latte);1 Glas
Extra Milch;1 Glas
Raschhofer Pils 0,2l;0,2l
Raschhofer Pils 0,3l;0,3l
Raschhofer Pils 0,5l;0,5l
Hefeweizen hell 0,5l;0,5l
Hefeweizen dunkel 0,5l;0,5l
Radler 0,3l;0,3l
Radler 0,5l;0,5l
Bier alkoholfrei 0,3l;0,3l
Stiegl alkoholfrei 0,5l;0,5l
Weizen alkoholfrei;1 Glas
Radler alkoholfrei;1 Glas
GV Leindl, Langenlois;1/8 l
SB Hannes Sabathi;1/8 l
CH Gesellmann;1/8 l
RS Fritsch, Wagram;1/8 l
ZW Glatzer, Rubin Carnuntum;1/8 l
BF Andreas Gsellmann, Gols;1/8 l
CR Heinrich für Unger & Klein, Nelke;1/8 l
GV Ott, Fass 4;1/8 l
ME Dürnberg, Elementum;1/8 l
GS Mayer am Pfarrplatz, Wiener Gemischter Satz;1/8 l
GB Andreas Gsellmann;1/8 l
CW Wolfgang Seher, Wilde Reben;1/8 l
Prosecco;0,1l
Serena Prosecco;0,75l
Champagne de Saint Gall Rosé;0,75 l
Seher Frizzante Rosé;0,75 l
Glas Seher Sparkling Rosé;0,1l
Aperol Spritz;1 Glas
Hugo;1 Glas
Lillet Wild Berry;1 Glas
Spritz;1 Glas
Campari Orange;1 Glas
Campari Soda;1 Glas
Prosecco Holunder;1 Glas
Martini bianco 5cl;5cl
Martini rosso 5cl;5cl
Martini extra dry 5cl;5cl
Cynar Orange;1 Glas
Americano;1 Glas
Campari Spritz;1 Glas
Sarti Spritz;1 Glas
Vermouth & Tonic;1 Glas
Negroni;1 Glas
Old fashioned;1 Glas
Penicillin;1 Glas
Manhattan;1 Glas
Godfather;1 Glas
Espresso Martini;1 Glas
Cosmopolitan;1 Glas
White Russian;1 Glas
Pornstar Martini;1 Glas
Gin Basil Smash;1 Glas
Connie Hash;1 Glas
Southside;1 Glas
Tom Collins;1 Glas
Daiquiri;1 Glas
Margarita;1 Glas
Whiskey Sour;1 Glas
Monkey Sour;1 Glas
Amaretto Sour;1 Glas
Pisco Sour;1 Glas
Aperol Sour;1 Glas
Averna Sour;1 Glas
Moscow Mule;1 Glas
Munich Mule;1 Glas
Brazilian Mule;1 Glas
Mango Mule;1 Glas
Gin & Tonic Tanqueray;1 Glas
Gin & Tonic Monkey 47 Dry;1 Glas
Gin & Tonic Monkey 47 Sloe;1 Glas
Gin & Tonic Gin Mare;1 Glas
Gin & Tonic Hendrick's;1 Glas
Gin & Tonic Blue Gin;1 Glas
Gin & Tonic Roku Gin;1 Glas
Gin & Tonic The Botanist;1 Glas
Virgin Piña Colada;1 Glas
Hausgemachte Limonade;1 Glas
Nojito;1 Glas
Ipanema;1 Glas
Virgin Hugo;1 Glas
Sanbitter Spritz;1 Glas
Kinder Cocktail;1 Glas
Obstler Durzbauer;2 cl
Vogelbeere Durzbauer;2 cl
Himbeere Durzbauer;2 cl
Honig Willi Durzbauer;2 cl
Haselnuss Schreyer & Muster;2 cl
Marille Schreyer & Muster;2 cl
Zwetschke Schreyer & Muster;2 cl
Zirberl Schreyer & Muster;2 cl
Williams Schreyer & Muster;2 cl
Kriecherl Schreyer & Muster;2 cl
GV Leindl, Langenlois;0,75 l
GV Simon Gattinger, Loiben Federspiel;0,75 l
GV Ott, Fass 4;0,75 l
GV Fritsch, Ried Schlossberg;0,75 l
RI Hirsch, Zöbing;0,75 l
RI Pichler-Krutzler, Loiben;0,75 l
RI Emrich-Schönleber, Mineral;0,75 l
SB Hannes Sabathi;0,75 l
SB Verus;0,75 l
WB Hannes Sabathi;0,75 l
CH Gesellmann;0,75 l
CH Domaine Borgeot, Bourgogne Blanc;0,75 l
CH Domaine Pillot, Bourgogne Blanc;0,75 l
GB Dürnberg;0,75 l
GB Andreas Gsellmann;0,75 l
RV Josef Fritz, Wagram Terrassen;0,75 l
MU Muster, Gelber Muskateller Styria;0,75 l
GS Groiss, Anna's 17;0,75 l
GS Mayer am Pfarrplatz, Wiener Gemischter Satz;0,75 l
CW Unger & Klein, Fäulein Klein;0,75 l
CW Wolfgang Seher, Wilde Reben;0,75 l
CW Heinrich für Unger & Klein, Tulpe;0,75 l
CW Bründlmayer, Spiegel;0,75 l
BN Dürnberg, Blanc de Noir;0,75 l
RS Fritsch, Wagram;0,75 l
RS Ultimate Provence, UP Rosé;0,75 l
ZW Werner Achs, Goldberg;0,75 l
ZW Glatzer, Rubin Carnuntum;0,75 l
ZW Kollwentz, Leithakalk;0,75 l
ZW Glatzer, Dornenvogel;0,75 l
BF Nittnaus, Kalk & Schiefer;0,75 l
BF Muhr, Samt & Seide;0,75 l
BF Andreas Gsellmann, Gols;0,75 l
PN Gebeshuber, Gumpoldskirchen;0,75 l
PN Schiefer;0,75 l
PN Domaine Confuron-Gindre, Bourgogne;0,75 l
PN Domaine Ecard, Savigny-lès-Beaune;0,75 l
BA Ceste, Barbera d'Alba Sposabella;0,75 l
SG Lamole di Lamole, Chianti Classico Duelame;0,75 l
ME Dürnberg, Elementum;0,75 l
CR Claus Preisinger, Heideboden;0,75 l
CR Heinrich für Unger & Klein, Nelke;0,75 l
CR Heinrich, Pannobile;0,75 l
CR Werner Achs, Xur;0,75 l
NW Heinrich, Naked White;0,75 l
NW Claus Preisinger, Kalk und Kiesel;0,75 l
NW Andreas Gsellmann, Traminer;0,75 l
NW Heinrich, Muskat Freyheit;0,75 l
NW Heinrich, Roter Traminer Freyheit;0,75 l
NR Heinrich, Naked Red;0,75 l
NR Heinrich, Pinot Freyheit;0,75 l
